scanDesc,vMatrix,n,nPerUm3,nPerMm3
SE508,256463758.66853774,1917,7.47474032959797e-6,7474.74032959797
SE508ELI,502828406.39935935,171,3.4007625230342967e-7,340.07625230342967
