scanID,scanDesc,vMatrix,n,nPerUm3,nPerMm3
scan01,SE508,256463758.66853774,1917,7.47474032959797e-6,7474.74032959797
scan02,SE508ELI,247278717.89612785,68,2.7499333779530574e-7,274.99333779530576
scan03,SE508ELI,255549688.5032315,103,4.030527315579081e-7,403.0527315579081
