baseName,ident,code,symmetry,v.Total,vX.pre,vX.ld,vX.ul,vX.delta,EA.max,EM.max,SA.max,SM.max,SWT.max,EA.gt.0.000.T,EA.gt.0.001.T,EA.gt.0.002.T,EA.gt.0.003.T,EA.gt.0.004.T,EA.gt.0.005.T,EA.gt.0.006.T,EA.gt.0.007.T,EA.gt.0.000.AM,EA.gt.0.001.AM,EA.gt.0.002.AM,EA.gt.0.003.AM,EA.gt.0.004.AM,EA.gt.0.005.AM,EA.gt.0.006.AM,EA.gt.0.007.AM,SWT.gt.0.0.T,SWT.gt.0.5.T,SWT.gt.1.T,SWT.gt.1.5.T,SWT.gt.2.T,SWT.gt.2.5.T,SWT.gt.3.T,SWT.gt.3.5.T,SWT.gt.0.0AM,SWT.gt.0.5.AM,SWT.gt.1.AM,SWT.gt.1.5.AM,SWT.gt.2.AM,SWT.gt.2.5.AM,SWT.gt.3.AM,SWT.gt.3.5.AM
open-frame-fatigue-v25mm-9pct,open-frame-fatigue-v25mm-9pct,n-f,1,11.018315728,2.06616847652964,0.284259329787032,0.254368504469899,0.0298908253171329,0.00782284,0.0403436,124.407,483.65,3.86302791176,11.018344642,1.64339195,0.523091072,0.315524695,0.192439871,0.07776606,0.007417932,0.003014292,0.494895768,0.436493941,0.253682319,0.234437763,0.177543543,0.07569457,0.007417932,0.003014292,11.018344642,1.098718723,0.476192394,0.269632531,0.177746241,0.05950247,0.006346992,0.00204304,0.494895768,0.42541583,0.251544169,0.232270459,0.163852093,0.05743098,0.006346992,0.00204304
